,player.name,team.name,minsPlayed,visionRating,bcRating,creativityRating,paRating,playmakerRating
0,Nabil Fekir,Real Betis,75.0,0.0,4.623041900362917,3.5600000000000005,4.183708090396828,2.4109791891122665
1,Mikel Merino Zazón,Real Sociedad,187.0,0.625668449197861,5.572208392069824,4.757598537527123,5.119944626999133,3.3039830820511593
2,Javier Hernández Balcázar,Sevilla,28.0,0.0,0,0,3.909840727782047,0.39098407277820474
3,Yannis Salibur,Mallorca,11.0,4.909090909090909,0,0,5.667869500817034,2.5304233137180674
4,Chidozie Collins Awaziem,Leganés,96.0,0.0,1.437603101286704,1.4025559105431311,5.08616240556515,1.2169036339767951
5,André-Frank Zambo Anguissa,Villarreal,180.0,0.3,5.774958759485319,4.430031948881789,5.464039464418359,3.150405283003436
6,Sergi Darder Moll,Espanyol,121.0,0.2231404958677685,0,0,3.1641940412878973,0.4056756024758972
7,Thomas Lemar,Atlético Madrid,29.0,0.0,0,2.295276318221424,2.103314609284026,0.8989143563948299
8,Guido Marcelo Carrillo,Leganés,36.0,0.0,0,2.5123939627630274,4.931782387226655,1.2468964275515737
9,José Luis Sanmartín Mato,Deportivo Alavés,115.0,0.0,0,0,3.095291263687756,0.3095291263687756
10,Kieran Trippier,Atlético Madrid,93.0,1.1612903225806452,0,2.533546325878594,2.7102070871836665,1.495600735514203
11,Diego Carlos Santos Silva,Sevilla,177.0,0.1525423728813559,0,0,5.239476282560232,0.5849645774085657
12,Francis Coquelin,Valencia,91.0,0.0,0,0,5.575926616710031,0.5575926616710032
13,Álvaro Borja Morata Martín,Atlético Madrid,106.0,0.2547169811320754,0,0,3.305865074701124,0.4324732999229426
14,Vicente Iborra De La Fuente,Villarreal,139.0,0.3237410071942446,2.21013676288416,2.675327023931521,6.194880896635774,1.9936099522975637
15,Ignacio Monreal Eraso,Real Sociedad,186.0,0.2903225806451613,0,0,4.832632428120934,0.5993922750701579
16,Sandro Ramírez Castillo,Real Valladolid,33.0,0.0,3.861176445546557,3.1139853653509224,3.046214922036478,2.011052390918236
17,Thibaut Courtois,Real Madrid,179.0,0.0,0,3.9276793494045896,5.95512300855962,1.773816105677339
18,Oliver Burke,Deportivo Alavés,45.0,0.0,0,0,3.4799778929960627,0.3479977892996063
19,Alberto Moreno Pérez,Villarreal,94.0,0.2872340425531914,2.842164302210491,2.431309904153354,5.662824016659819,1.9790018503753628
20,Karl Brillant Toko Ekambi,Villarreal,35.0,0.0,0,0,1.0,0.1
21,Roque Mesa Quevedo,Leganés,128.0,0.703125,0,0,5.443673798191585,0.8256173798191585
22,Robert Kenedy Nunes do Nascimento,Getafe,41.0,0.6585365853658537,2.7792240597162654,3.1661341853035143,2.8913964730583306,2.058239348986482
23,Ferland Mendy,Real Madrid,94.0,0.2872340425531914,0,0,4.586008290036842,0.5734944460249608
24,Allan Romeo Nyom,Getafe,92.0,0.0,6.419256336999936,5.032900550608388,3.4954088665524825,3.143262319237752
25,Lucas Ariel Ocampos,Sevilla,175.0,0.3085714285714285,0,1.3833865814696489,4.788681909494315,1.0173127368188977
26,Jules Koundé,Sevilla,95.0,0.0,3.811349389640383,3.5062528525787315,5.349605671215873,2.3491063008232835
27,Martin Braithwaite Christensen,Barcelona,498.0,0.0903614457831325,0,0,4.147065559592052,0.45085113427245826
28,Dimitri Foulquier,Granada,92.0,0.0,2.7323281910220887,2.4029793294584088,4.606990068813162,1.7280584439232565
29,Pape Cheikh Diop Gueye,Celta Vigo,80.0,0.3374999999999999,0,1.1533546325878592,6.4095625993658265,1.1219626497129402
30,Francisco Román Alarcón Suárez,Real Madrid,157.0,0.7452229299363056,0,3.077955271565496,7.120398173479687,1.9335155707921396
31,Fyodor Smolov,Celta Vigo,60.0,0.0,6.215406825856805,5.471703872530066,1.220662921856805,3.006658819116061
32,Diego da Silva Costa,Atlético Madrid,76.0,0.3552631578947368,0,1.6083067092651755,4.645508152805918,1.0891480912180391
33,Jorge Resurrección Merodio,Atlético Madrid,91.0,0.5934065934065934,0,3.3285690263998653,4.042970695719788,1.6402304148545757
34,Lucas Vázquez Iglesias,Real Madrid,4.0,0.0,0,0,4.140203118731459,0.4140203118731459
35,Sergio Ramos García,Real Madrid,182.0,0.0,0,0,4.940842529240981,0.4940842529240981
36,Sergio Busquets i Burgos,Barcelona,2193.0,0.4227086183310534,0,0,7.632348340631729,0.9323182813955944
37,Jordi Alba Ramos,Barcelona,1881.0,0.4497607655502392,9.270307596694622,6.294615892274141,5.618920538077763,4.484242647049038
38,Gerard Piqué Bernabéu,Barcelona,2708.0,0.0365583456425406,8.17384159538043,5.65281705570927,9.395463747278914,4.284783148773775
39,William Silva de Carvalho,Real Betis,69.0,0.0,7.931168910914152,4.893893846654806,5.519346380336492,3.6063365742129214
40,Iago Aspas Juncal,Celta Vigo,185.0,0.5351351351351352,0,0,9.443957321519298,1.158449786205984
41,Luis Alberto Suárez Díaz,Barcelona,1885.0,0.6111405835543766,3.403702283609906,3.3210430878162507,5.831567828066114,2.5046663992952185
42,José María Giménez de Vargas,Atlético Madrid,91.0,0.0,2.7971756045181224,3.2271811255836824,4.140203118731459,1.9416097704518749
43,Luka Modrić,Real Madrid,28.0,0.9642857142857142,0,0,5.457842505746559,0.9314985362889415
44,Oghenekaro Etebo,Getafe,66.0,0.0,0,0,2.075024491097256,0.20750244910972562
45,Ivan Rakitić,Barcelona,1563.0,0.472168905950096,0,1.790008713331397,7.561439765702248,1.4820141529496824
46,Ousmane Dembélé,Barcelona,272.0,0.7279411764705882,8.42683758551272,5.897536686024051,4.878659867034369,4.233670980201431
47,Raphaël Varane,Real Madrid,179.0,0.0,8.990432200593863,7.808494643863936,4.84462706158203,4.625097539436156
48,Antoine Griezmann,Barcelona,2136.0,0.4719101123595506,0,0,6.679739104776448,0.856737955421465
49,Samuel Yves Umtiti,Barcelona,978.0,0.0184049079754601,4.00285532642099,3.5442797142549445,5.376517541740717,2.4088686969249373
50,Lionel Andrés Messi Cuccittini,Barcelona,2968.0,1.479784366576819,8.301077009956423,5.121758560536271,6.56146201065504,4.444802917848398
51,Éver Maximiliano David Banega,Sevilla,142.0,0.8873239436619719,9.110437429579877,8.74327221997365,10.0,5.799998729372859
52,Pione Sisto Ifolo Emirmija,Celta Vigo,63.0,0.0,0,6.935472258470953,5.106108582536888,2.5912525357949745
53,Carlos Henrique Casimiro,Real Madrid,185.0,0.0972972972972973,0,0,4.926472257256772,0.5315661446445962
54,Marcelo Vieira da Silva Júnior,Real Madrid,91.0,1.087912087912088,0,4.121802953112857,4.463965292481708,2.1181022503468627
55,Toni Kroos,Real Madrid,179.0,0.8044692737430168,6.369438875212548,5.661306744373837,9.33953458978936,4.228020966830803
56,Héctor Miguel Herrera López,Atlético Madrid,86.0,0.0,7.338181436146781,5.754850340014635,6.380738184927011,3.832165207726448
57,Yannick Ferreira Carrasco,Atlético Madrid,84.0,0.0,0,0,4.59607816608398,0.459607816608398
58,Moussa Wagué,Barcelona,93.0,0.0,4.371659518310787,3.439068918302145,4.5783368688956525,2.3638862660423663
59,Takashi Inui,Eibar,87.0,0.0,0,5.541275894053385,3.501810177011327,2.0125637859171484
60,Carlos Arturo Bacca Ahumada,Villarreal,50.0,0.0,3.17845481746095,2.7556461385920463,5.638109766101081,2.026195781679912
61,Santiago Arias Naranjo,Atlético Madrid,91.0,0.2967032967032967,0,0,4.284295401516365,0.5471108588329552
62,Rodrigo Moreno Machado,Valencia,35.0,0.0,0,0,5.158647373455175,0.5158647373455175
63,Daniel Carvajal Ramos,Real Madrid,184.0,0.8315217391304347,0,2.0953902327704244,5.953577037170311,1.5565834692003322
64,Kenneth Josiah Omeruo,Leganés,82.0,0.0,0,4.833865814696486,5.28595290529564,1.9787550349385095
65,Maximiliano Gómez González,Valencia,79.0,0.0,0,0,3.563084707721353,0.35630847077213534
66,Youssef En-Nesyri,Sevilla,119.0,0.0,0,0,4.143840419641187,0.4143840419641187
67,Filip Bradarić,Celta Vigo,34.0,0.0,1.0,1.4433108706741482,5.1077251607189895,1.1437657772741434
68,Adnan Januzaj,Real Sociedad,33.0,0.0,0,0,4.043208427805391,0.40432084278053915
69,Nélson Cabral Semedo,Barcelona,1817.0,0.2129884424876169,5.617557961668816,4.355213476619228,7.440329268059425,3.2593039391205205
70,Ángel Martín Correa,Atlético Madrid,156.0,0.3461538461538461,7.844042127878007,5.468637521737371,3.779044352355147,3.725765655793866
71,Jan Oblak,Atlético Madrid,182.0,0.0,2.7932390934700404,3.0191693290734825,2.957676178524477,1.7601662352685006
72,Sergi Roberto Carnicer,Barcelona,2041.0,0.4277315041646252,0,0,8.599121202617617,1.031004721927612
73,Saúl Ñíguez Esclapez,Atlético Madrid,187.0,0.1443850267379679,9.026269136932411,6.207896273360955,5.188220923644627,4.244198812454419
74,Thomas Teye Partey,Atlético Madrid,185.0,0.1459459459459459,2.6471611529348253,2.2301173736994078,4.850717757615181,1.741917596836684
75,Iñigo Córdoba Kerejeta,Athletic Bilbao,56.0,0.0,3.747501047731994,2.97786028840342,6.047827549694728,2.2476410510368976
76,Ander Iturraspe Derteano,Espanyol,28.0,0.0,0,2.59926973984482,5.017196782521326,1.2815006002055787
77,Raúl García Escudero,Athletic Bilbao,18.0,1.0,0,0,1.848703545603097,0.5848703545603098
78,Íñigo Lekue Martínez,Athletic Bilbao,68.0,1.0588235294117647,0,0,7.771130979856504,1.2006425097503564
79,Iñaki Williams Arthuer,Athletic Bilbao,68.0,0.0,0,4.333208043600828,3.242120457747818,1.6241744588550302
80,Unai Núñez Gestoso,Athletic Bilbao,91.0,0.0,0,1.6359706822025937,4.455273665761371,0.9363185712369153
81,Gareth Frank Bale,Real Madrid,93.0,0.5806451612903226,0,1.3201909911175087,4.9473716271785255,1.1230525245692342
82,Aleix Vidal Parreu,Deportivo Alavés,85.0,0.3176470588235294,4.57927225125318,4.175924971658249,5.578579237681915,2.8535486890457142
83,Kevin Gameiro,Valencia,58.0,0.4655172413793103,0,3.9804923886487504,4.231601962104101,1.8035148093567592
84,Francisco Alcácer García,Villarreal,35.0,0.7714285714285714,2.081855311209456,2.5123939627630274,5.158647373455175,1.9945254169877455
85,Pere Pons Riera,Deportivo Alavés,138.0,0.0,0,2.2969420356001824,5.443018171852057,1.2333844278652606
86,Roberto José Rosales Altuve,Leganés,91.0,0.2967032967032967,0,0,5.039608434591364,0.6226421621404551
87,Roberto Jiménez Gago,Deportivo Alavés,93.0,0.0,0,1.8628304602745496,3.0635620494521016,0.865205343027575
88,Bernardo José Espinosa Zúñiga,Espanyol,188.0,0.0,0,0,3.551768660446645,0.35517686604466453
89,José Luis García del Pozo,Leganés,84.0,0.0,0,0,5.42902007441159,0.542902007441159
90,Cristian Portugués Manzanera,Real Sociedad,148.0,0.1824324324324324,0,2.3473299863076225,5.303443275698876,1.3075162964351472
91,Carlos Soler Barragán,Valencia,89.0,0.9101123595505616,1.8566078450605008,1.8911147569294533,2.2985802370694004,1.5325589636181007
92,Jeison Fabián Murillo Cerón,Celta Vigo,19.0,0.0,0,2.536992497397423,1.5940924819221678,0.9205069974114437
93,Antonio Latorre Grueso,Osasuna,6.0,0.0,0,0,2.48523120480542,0.248523120480542
94,Geoffrey Kondogbia,Valencia,92.0,0.0,0,0,5.882935334355988,0.5882935334355989
95,Norberto Murara Neto,Barcelona,184.0,0.0,0,0,4.004421725938527,0.40044217259385273
96,Ignacio Vidal Miralles,Osasuna,90.0,0.0,0,0,2.2433506943085373,0.22433506943085374
97,Rúben Miguel Nunes Vezo,Levante,186.0,0.0967741935483871,0,0,4.460114565829347,0.48472113400228956
98,Santiago Mina Lorenzo,Celta Vigo,13.0,0.0,0,0,3.594607982272325,0.35946079822723254
99,José Luis Gayá Peña,Valencia,90.0,0.2,0,0,5.544953814902103,0.6344953814902103
100,Unai Bustinza Martínez,Leganés,186.0,0.3870967741935484,3.05417354008578,2.7448349307774222,8.0289359657952,2.392017493507322
101,Rubén Salvador Pérez Del Mármol,Leganés,189.0,0.2857142857142857,0,0,4.714612367684665,0.5857469510541808
102,Raúl García Carnero,Real Valladolid,24.0,0.0,0,3.0658248389877785,2.230620141124491,1.1428094658087826
103,Miguel Ángel Guerrero Martín,Leganés,70.0,0.0,0,0,6.300539416630252,0.6300539416630252
104,Dimitrios Siovas,Leganés,93.0,0.1935483870967742,0,0,3.7726775833311614,0.45468711317182586
105,Darko Brašanac,Osasuna,47.0,0.0,0,0,2.188184963844336,0.21881849638443363
106,Joseba Zaldúa Bengoetxea,Real Sociedad,91.0,0.1978021978021978,0,0,5.197468044634315,0.5988676835843105
107,Javier Eraso Goñi,Leganés,95.0,0.0,0,0,2.5241301173122284,0.2524130117312228
108,Denis Suárez Fernández,Celta Vigo,108.0,0.6666666666666666,0,0,8.639544344064449,1.1306211010731115
109,Iván Cuéllar Sacristán,Leganés,188.0,0.0,6.222533817222039,5.370607028753993,4.062910474399748,3.2619799195105807
110,Ángel Luis Rodríguez Díaz,Getafe,42.0,0.0,0,0,2.48523120480542,0.248523120480542
111,Rubén Duarte Sánchez,Deportivo Alavés,92.0,0.7826086956521738,0,0,4.190326899560632,0.7320761682169328
112,Víctor Laguardia Cisneros,Deportivo Alavés,45.0,0.0,0,0,6.68631375554075,0.668631375554075
113,Munir El Haddadi Mohamed,Sevilla,106.0,0.5094339622641508,0,0,3.5229334932646936,0.5560669342321297
114,Martín Aguirregabiria Padilla,Deportivo Alavés,187.0,0.1443850267379679,0,0,4.71975092710115,0.5297291034053022
115,Amath Ndiaye,Getafe,24.0,0.0,0,0,4.988906664334556,0.49889066643345564
116,Mubarak Wakaso,Deportivo Alavés,70.0,0.0,3.6675264689121514,2.7205241666809044,4.776558975596616,2.027318441346363
117,Fernando Pacheco Flores,Deportivo Alavés,93.0,0.0,0,1.2555910543130988,3.785290726933801,0.7552063889873097
118,Jorge Molina Vidal,Getafe,51.0,0.3529411764705882,3.629627185747278,3.2039251483340943,4.597737285797189,2.288053180817638
119,Manuel Alejandro García Sánchez,Deportivo Alavés,150.0,0.18,0,0,5.095003086091842,0.5815003086091842
120,Djené Dakonam Ortega,Getafe,92.0,0.0,0,3.1229092275887997,3.9053094101504,1.32740370929168
121,Leandro Daniel Cabrera Sasía,Espanyol,94.0,0.0,3.4357901682613,2.7134824281150163,2.397605319252892,1.740963294012054
122,Rodrigo Ely,Deportivo Alavés,91.0,0.0,0,1.0,6.036076269832532,0.9036076269832531
123,Aïssa Mandi,Real Betis,92.0,0.0,0,0,6.321371230931419,0.632137123093142
124,Óscar de Marcos Arana,Athletic Bilbao,89.0,0.0,0,0,4.413910012188458,0.4413910012188458
125,Joaquín Sánchez Rodríguez,Real Betis,22.0,0.0,0,1.460063897763578,6.162542424539982,1.0542734117830717
126,Cristian Tello Herrera,Real Betis,8.0,0.0,0,1.5858491582008112,2.357925672964955,0.7115473147567388
127,Víctor Camarasa Ferrando,Deportivo Alavés,64.0,0.0,0,0,5.462222103228591,0.5462222103228591
128,Mikel Vesga Arruti,Athletic Bilbao,94.0,0.0,0,0,5.37973340265143,0.5379733402651431
129,José Luis Morales Nogales,Levante,140.0,0.8357142857142856,0,4.378594249201278,4.974947293275602,2.1453587183736578
130,Andoni Gorosabel Espinosa,Real Sociedad,93.0,0.0,0,0,5.259077293018208,0.5259077293018208
131,Sergio Canales Madrazo,Real Betis,93.0,0.2903225806451613,2.6301550643352023,3.808580556823368,5.494069969018688,2.334141209073984
132,Igor Zubeldía Elorza,Real Sociedad,114.0,0.0,0,2.658868391219211,5.357247586673995,1.3333852760331628
133,Rubén Rochina Naixes,Levante,125.0,0.0,0,2.8105740492631144,5.647680302656015,1.4079402450445357
134,Sergio Postigo Redondo,Levante,184.0,0.0978260869565217,0,5.525306877417185,2.774858708479764,1.9742083688557404
135,Roger Martí Salvador,Levante,93.0,0.5806451612903226,3.7750049488617616,2.958031948881789,4.564554891533008,2.3311241281063193
136,Mikel Oyarzabal Ugarte,Real Sociedad,121.0,1.0413223140495866,0,0,8.319489419318346,1.2484778675516695
137,José Ángel Gómez Campaña,Levante,179.0,0.905027932960894,1.7752791051606516,2.5830155621972586,5.391838776223265,2.031155540497992
138,Raúl Rodríguez Navas,Osasuna,92.0,0.2934782608695652,3.970544047596325,4.568980540226546,5.88853242267384,2.871047518202439
139,Marko Dmitrović,Eibar,182.0,0.0,4.7087931228331446,4.493744087672015,4.033525798068848,2.693234430675118
140,Ander Capa Rodríguez,Athletic Bilbao,26.0,0.0,0,2.073482428115016,1.403134184161471,0.762358146850652
141,Sergio Enrich Ametller,Eibar,135.0,0.0,0,0,3.7000897086544247,0.3700089708654425
142,Joan Jordán Moreno,Sevilla,116.0,0.2327586206896551,0,0,4.852336590455392,0.5783371073214013
143,José Ángel Valdés Díaz,Eibar,178.0,0.2528089887640449,0,0,8.906941808815086,0.9918177763871266
144,Charles Días Barbosa de Oliveira,Eibar,78.0,0.0,0,0,3.9604776620155095,0.39604776620155097
145,Paulo André Rodrigues de Oliveira,Eibar,88.0,0.0,0,4.439279175790645,5.62102547394933,1.8938863001321264
146,Anaitz Arbilla Zabala,Eibar,180.0,0.0,0,0,5.719536916666432,0.5719536916666432
147,Rubén Peña Jiménez,Villarreal,90.0,0.5,0,2.2442637234969505,4.102854156861708,1.283564532735256
148,Enrique García Martínez,Eibar,14.0,0.0,0,0,1.3225073473291769,0.13225073473291768
149,Gonzalo Escalante,Eibar,91.0,0.0,0,4.469222577209798,2.774561958988294,1.6182229690617689
150,Diego Javier Llorente Ríos,Real Sociedad,160.0,0.1125,0,0,9.626465324237197,1.0076465324237196
151,Franco Damián Vázquez,Sevilla,10.0,0.0,0,0,5.056802947982804,0.5056802947982804
152,Willian José da Silva,Real Sociedad,36.0,0.0,0,0,4.02704264598438,0.40270426459843806
153,David Soria Solís,Getafe,91.0,0.0,0,0,5.534688329045471,0.5534688329045471
154,Manuel Agudo Durán,Celta Vigo,79.0,0.569620253164557,0,0,5.541129771340304,0.7819610783998532
155,Lucas Pérez Martínez,Deportivo Alavés,139.0,0.3884892086330935,0,0,5.188351997551284,0.6742308832083659
156,Adrián López Álvarez,Osasuna,69.0,0.391304347826087,3.2339788430939365,3.3837909976948284,2.800557214441032,2.0985105285017736
157,Gabriel Armando de Abreu,Valencia,90.0,0.0,1.9666729170276445,2.312892178270164,5.383122090392729,1.625514445925851
158,Ferrán Torres García,Valencia,91.0,0.4945054945054945,0,0,4.546166314711607,0.6524188292733586
159,David López Silva,Espanyol,160.0,0.1687499999999999,0,0,5.273030915221608,0.5948030915221608
160,Sergio Asenjo Andrés,Villarreal,184.0,0.0,3.1543537294114667,3.1031492469192155,4.371440051976106,1.9989595251556687
161,Enes Ünal,Real Valladolid,75.0,0.0,3.345686242164302,2.59297124600639,4.178394778283598,1.8648681000631373
162,Gerard Moreno Balaguero,Villarreal,112.0,0.7232142857142857,0,0,4.6454430593690805,0.7538300202226225
163,Diego López Rodríguez,Espanyol,177.0,0.0,0,0,2.7902652438427684,0.27902652438427683
164,Edinaldo Gomes Pereira,Espanyol,92.0,0.0,2.757360607060376,2.3372523961661344,4.300327974872339,1.6826806377491494
165,Manuel Trigueros Muñoz,Villarreal,39.0,0.6923076923076922,2.6869432530517976,3.2921040620721125,4.880327587245253,2.2899757048795957
166,Mario Gaspar Pérez Martínez,Villarreal,89.0,0.0,0,0,4.265332487634479,0.42653324876344795
167,Federico Santiago Valverde Dipetta,Real Madrid,164.0,0.3292682926829268,0,0,5.500591038346504,0.6817664209078211
168,Daniel García Carrillo,Athletic Bilbao,38.0,0.0,0,0,3.512162494985167,0.3512162494985167
169,David Juncà Reñé,Celta Vigo,89.0,0.0,0,0,5.312712172931177,0.5312712172931178
170,Enis Bardhi,Levante,76.0,0.0,4.375353059040324,3.391958232681369,3.628944893577743,2.25555257097025
171,Antonio García Aranda,Levante,92.0,0.2934782608695652,0,0,4.890093322953624,0.6064006366431884
172,Xabier Etxeita Gorritxategi,Getafe,93.0,0.0,3.5234524149333293,2.7747783321965755,1.8440742535361712,1.7215314079992556
173,Mikel Balenziaga Oruesagasti,Athletic Bilbao,93.0,0.0,4.220224348399868,3.514208844795696,4.243933552082948,2.322700878326977
174,Mario Hermoso Canseco,Atlético Madrid,93.0,0.0,0,3.146964856230032,5.199418426136108,1.4640312994826203
175,Javier López Rodríguez,Espanyol,93.0,0.0,0,0,4.609115019663426,0.46091150196634256
176,Rubén Blanco Veiga,Celta Vigo,177.0,0.1016949152542373,0,0,3.055295456475448,0.3462075117492398
177,Nemanja Radoja,Levante,93.0,0.2903225806451613,0,1.672781613933835,5.005377108966809,1.118501227334896
178,Daniel Wass,Valencia,93.0,0.0,0,3.41739668143873,4.14800339107866,1.440019343539485
179,Stanislav Lobotka,Celta Vigo,75.0,0.0,0,0,4.5195775146922905,0.45195775146922906
180,Brais Méndez Portela,Celta Vigo,87.0,0.8275862068965518,0,3.189838194372874,8.246311701268349,2.112617111197318
181,Hugo Mallo Novegil,Celta Vigo,91.0,0.0,0,0,4.987264151743116,0.49872641517431165
182,Erick Cathriel Cabaco Almada,Levante,4.0,0.0,0,0,1.339481418241239,0.1339481418241239
183,José Manuel Arnáiz Díaz,Osasuna,70.0,0.0,0,0,1.86381233399735,0.186381233399735
184,Jesús Navas González,Sevilla,188.0,0.4308510638297871,0,0,5.622282007809147,0.7345686263128296
185,Daniel Filipe Martins Carriço,Sevilla,82.0,0.0,0,8.89776357827476,2.077853502915933,2.8771144237740214
186,Clément Lenglet,Barcelona,2030.0,0.1064039408866995,0,0,7.805130930070041,0.8230746693616839
187,Jaume Vicent Costa Jordá,Valencia,13.0,0.0,0,4.282441710284821,1.4667869500817037,1.4314112080936165
188,Marcos Llorente Moreno,Atlético Madrid,68.0,0.0,0,0,4.769114207652728,0.4769114207652728
189,Víctor Machín Pérez,Atlético Madrid,37.0,0.7297297297297297,0,5.3063189537134665,3.746713293042751,2.258458907310207
190,Iker Muniain Goñi,Athletic Bilbao,37.0,0.7297297297297297,0,4.420987957729172,5.146523037089417,2.1328405829195853
191,Aitor Ruibal García,Leganés,93.0,0.0,2.349554602441438,2.05093027626386,5.143373591479976,1.5995273625154434
192,Mauro Wilney Arambarri Rosa,Getafe,91.0,0.2967032967032967,0,3.1303859770313447,3.249954644322616,1.3827925762229838
193,Marc Roca Junqué,Espanyol,179.0,0.8044692737430168,0,3.1303859770313447,9.480781850958106,2.208981687702421
194,Papa Kouly Diop,Eibar,182.0,0.0,0,2.431309904153355,4.608762087205081,1.1902691799665146
195,Yeray Álvarez López,Athletic Bilbao,94.0,0.0,0,0,4.605641793949745,0.46056417939497457
196,Kévin Manuel Rodrigues,Leganés,25.0,1.08,0,3.272047405715102,4.795826607709852,1.8931968824855159
197,Dídac Vilá Rosselló,Espanyol,187.0,0.1443850267379679,2.9446742633809606,2.13415019485307,3.85987376578983,1.6729212984062833
198,Ezequiel Marcelo Garay,Valencia,93.0,0.0,0,1.5057440010876215,3.831275028131932,0.8348507031394796
199,Pau Francisco Torres,Villarreal,180.0,0.0,0,4.876805111821086,5.842457917567874,2.047287325303113
200,Jaume Doménech Sánchez,Valencia,93.0,0.0,0,0,5.7453598245460125,0.5745359824546012
201,Nemanja Maksimović,Getafe,93.0,0.3870967741935484,0,0,4.242047544203831,0.5790434640978024
202,Óscar Melendo Jiménez,Espanyol,73.0,0.3698630136986301,0,3.37188498402556,6.68631375554075,1.8281420762411948
203,Pedro León Sánchez Gil,Eibar,62.0,0.0,0,0,3.193228636269056,0.31932286362690565
204,Eduardo Expósito Jaén,Eibar,112.0,0.2410714285714285,0,0,4.906348567112112,0.5870634281397826
205,Joaquín Navarro Jiménez,Deportivo Alavés,91.0,0.0,0,0,4.939886718166101,0.49398867181661016
206,Jonathan Calleri,Espanyol,93.0,0.0,0,0,3.285988511143926,0.32859885111439263
207,Adrián Marín Gómez,Deportivo Alavés,91.0,0.2967032967032967,5.1856235565819855,4.236878137836603,5.972232151654007,3.0240926865140976
208,Maxime Gonalons,Granada,101.0,0.0,0,2.017870308605133,4.236504055457921,1.029011498127332
209,Rafael Alcântara do Nascimento,Celta Vigo,35.0,0.0,1.843669181894616,1.9003401009996908,5.535471747702951,1.4923830414491257
210,Jesús Joaquín Fernández Sáez de la Torre,Sevilla,33.0,0.0,0,2.4829898535968824,5.409216991680852,1.2858186552471498
211,Raúl Albiol Tortajada,Villarreal,187.0,0.0,0,0,5.851018299565668,0.5851018299565668
212,Marc Bartra Aregall,Real Betis,93.0,0.0,0,6.529529895025101,5.355748385689293,2.49443380707646
213,Mathías Olivera Miramontes,Getafe,51.0,0.0,0,0,4.632171382803584,0.46321713828035843
214,Fabián Ariel Orellana Valenzuela,Eibar,180.0,0.8,0,0,4.468812136852159,0.7668812136852159
215,Sebastián Carlos Cristóforo Pepe,Eibar,8.0,0.0,0,0,2.8926089066949063,0.2892608906694906
216,Lorenzo Jesús Morón García,Real Betis,31.0,0.0,0,0,4.343891969676203,0.4343891969676203
217,Frenkie de Jong,Barcelona,1721.0,0.4601975595583962,6.022302870339822,5.174653887113951,7.492103034362411,3.6901460674617494
218,Arturo Erasmo Vidal Pardo,Barcelona,1696.0,0.4616745283018867,0,6.252396166134185,6.976041715154791,2.7579928326764893
219,Martin Ødegaard,Real Sociedad,184.0,0.8315217391304347,0,0,9.073445698251636,1.2399532654773375
220,Pablo Ezequiel De Blasis,Eibar,118.0,0.0,8.648581163345796,6.199622034146876,4.87050361723818,4.07665320463704
221,Ante Budimir,Mallorca,167.0,0.0,6.747834483917755,4.967146904575321,5.014819826732994,3.3411929508294467
222,Alexander Isak,Real Sociedad,146.0,0.6780821917808219,6.98556223372972,5.715654952076677,9.04247645595316,4.287289454676593
223,Carlos Fernández Luna,Granada,128.0,0.421875,0,0,2.973528399922236,0.4661028399922236
224,Ljubomir Fejsa,Deportivo Alavés,36.0,0.0,1.3162055960661985,1.4315968701574486,3.055431612124475,0.9982633414729218
225,Felipe Augusto de Almeida Monteiro,Atlético Madrid,183.0,0.0,2.3252102701310204,3.075539410915139,4.493131528214721,1.837017030122218
226,Pedro Antonio Porro Sauceda,Real Valladolid,86.0,0.313953488372093,1.8848100874298912,2.5599041533546325,4.951895532270662,1.7657042120682713
227,Fernando Calero Villa,Espanyol,65.0,0.0,0,3.411075612353568,4.114742012363367,1.4347968849424073
228,Óscar Plano Pedreño,Real Valladolid,144.0,0.4375,0,1.1206724977740534,4.025628140075041,0.9137645633397202
229,Javier Moyano Lujano,Real Valladolid,93.0,0.2903225806451613,4.257202703843232,3.6890556504940935,4.40165577221878,2.514451845396817
230,José Ignacio Martínez García,Real Valladolid,101.0,0.5346534653465347,0,0,3.839877344163244,0.5978491205549383
231,Rubén Alcaraz Jiménez,Real Valladolid,47.0,0.0,3.0276723853513694,2.9211927582534614,4.15761242223101,1.8976535467694133
232,Miguel Alfonso Herrero Javaloyas,Real Valladolid,91.0,0.0,0,3.6449551685045862,5.3288949528252,1.6263760458338958
233,Jordi Masip López,Real Valladolid,184.0,0.0,0,4.619776674153038,2.5180538257984573,1.6377383848257572
234,Anuar Mohamed Tuhami,Real Valladolid,52.0,0.0,0,0,5.320672595797586,0.5320672595797585
235,Francisco José Olivas Alba,Real Valladolid,181.0,0.0,7.138263583991066,4.963627426886212,5.694398183073678,3.4861807631714448
236,Ibrahim Amadou,Leganés,33.0,0.5454545454545455,0,0,2.9859662967112466,0.5167784478529429
237,Santiago Cazorla González,Villarreal,131.0,1.16793893129771,0,2.250430081101008,5.510612388947729,1.6933658357441592
238,Néstor Alejandro Araújo Razo,Celta Vigo,158.0,0.0,0,2.924981907401197,4.746411956982287,1.352135767918588
239,Francisco José Beltrán Peinado,Celta Vigo,90.0,0.3,0,0,4.91842464998226,0.611842464998226
240,Borja Iglesias Quintas,Real Betis,61.0,0.0,4.110982947204585,4.603248542789552,5.044072394798758,2.7075783917576586
241,Arthur Henrique Ramos de Oliveira Melo,Barcelona,1008.0,0.3214285714285714,0,0,6.072749399907502,0.7358463685621788
242,Darwin Daniel Machís Marcano,Granada,152.0,0.0,0,3.920553780617679,3.385303649221336,1.5146964991074372
243,Jean-Clair Todibo,Barcelona,72.0,0.0,0,0,6.124997292898906,0.6124997292898906
244,Alejandro Moreno Lopera,Real Betis,92.0,0.0,10.0,6.798265632131447,2.48067050242635,4.287546739882068
245,Adrián Embarba Blázquez,Espanyol,73.0,0.0,3.006750421087361,2.771649571212376,3.7582865232100655,1.8086736079021917
246,Tomáš Vaclík,Sevilla,183.0,0.0,0,4.292864749733759,5.572324458804263,1.8450918708005541
247,Jaime Mata Arnaiz,Getafe,92.0,0.4891304347826087,0,0,2.565858041637714,0.4522379780768149
248,Gonzalo Julián Melero Manzanares,Levante,151.0,0.119205298013245,3.022226942597723,2.785636132872336,4.659456063508964,1.9537639539374398
249,Juan Camilo Hernández Suárez,Mallorca,82.0,0.0,0,0,5.224361276557587,0.5224361276557586
250,Moisés Gómez Bordonado,Villarreal,73.0,0.0,1.5240199102032617,2.4568690095846644,4.009664430526793,1.442831127968731
251,Jorge Miramón Santagertrudis,Levante,183.0,0.0983606557377049,0,2.7894759113894594,4.701288006537602,1.34631583636568
252,Jonathan Cristian Silva,Leganés,163.0,0.1656441717791411,3.560927328177934,2.83277487726954,4.609019577291778,2.089177555257283
253,Unai López Cabrera,Athletic Bilbao,56.0,0.4821428571428571,0,4.138518097072081,4.667611750641955,1.9011737470429628
254,Unai Simón Mendibil,Athletic Bilbao,95.0,0.3789473684210526,0,2.855339653276069,2.5226740082879093,1.2604482441800324
255,Hernâni Jorge Santos Fortes,Levante,35.0,0.0,1.4400418578573553,1.6378800054881513,2.315490495684801,1.0109214227863965
256,Óliver Torres Muñoz,Sevilla,90.0,0.0,0,0,4.369392480484966,0.4369392480484966
257,João Félix Sequeira,Atlético Madrid,90.0,0.6,0,0,5.47112458797268,0.787112458797268
258,Pablo Hervías Ruiz,Real Valladolid,89.0,0.9101123595505616,0,0,4.671503408258657,0.8311952846460904
259,Okay Yokuşlu,Celta Vigo,59.0,0.7627118644067796,0,0,6.199723722728309,0.9250571180355429
260,Sergio Álvarez Díaz,Eibar,92.0,0.0,3.478192015836358,3.7637912673056446,4.76478633094978,2.301254416453943
261,Carles Aleña Castillo,Barcelona,226.0,0.3584070796460177,0,5.628208349786409,7.889241916522421,2.620749528446572
262,Fernando Francisco Reges,Sevilla,185.0,0.0,0,0,6.0843355463426345,0.6084335546342635
263,Roger Claver Assalé Djapone,Leganés,47.0,0.5744680851063829,0,0,6.68631375554075,0.8984186095966282
264,Raúl de Tomás Gómez,Espanyol,91.0,0.4945054945054945,6.457578473765193,4.730724645876332,8.245503412177298,3.733085627535866
265,Óscar Rodríguez Arnaiz,Leganés,60.0,0.4499999999999999,3.60998154208316,2.5965460668336067,4.55919465861341,2.1368795943280547
266,Yangel Clemente Herrera Ravelo,Granada,119.0,0.1512605042016807,0,3.38189110189654,4.107136746824845,1.485785206932119
267,Joel Robles Blázquez,Real Betis,92.0,0.0,3.0145674187244627,3.568268791910965,5.749813291426988,2.248375450460881
268,Samuel Chimerenka Chukwueze,Villarreal,186.0,0.3387096774193548,1.5701088749587595,2.196166134185304,6.515723035164905,1.7599277897315755
269,Nemanja Gudelj,Sevilla,25.0,0.0,0,0,1.9760090774435617,0.19760090774435618
270,Joseph Aidoo,Celta Vigo,182.0,0.1483516483516483,0,0,4.941821604206435,0.5535228197613029
271,Sergio Guardiola Navarro,Real Valladolid,151.0,0.4768211920529801,3.826981407179576,3.644955168504587,8.546659745155196,2.904277283324003
272,Nikola Vukčević,Levante,89.0,0.2022471910112359,0,0,5.576808602747619,0.6385797366792563
273,Héctor Junior Firpo Adames,Barcelona,937.0,0.3361792956243329,0,2.5217498156795286,7.560201883343288,1.6470168512879204
274,Federico Barba,Real Valladolid,89.0,0.3033707865168539,3.072425991028686,3.536952796056112,4.343043266130599,2.2312236782423724
275,Marc Cucurella Saseta,Getafe,91.0,0.1978021978021978,0,0,3.8193123495843833,0.46105211407931745
276,Rodrigo Tarín Higón,Leganés,100.0,0.0,8.12497293178599,5.590819043852141,2.639816493468841,3.5662219488597247
277,Vinícius José Paixão de Oliveira Júnior,Real Madrid,90.0,0.3,0,0,4.728131030981173,0.5928131030981173
278,Sergio Reguilón Rodríguez,Sevilla,184.0,0.4402173913043478,0,0,4.57246831081911,0.6333337876036501
279,Karim Benzema,Real Madrid,184.0,0.3913043478260869,0,0,5.178659521587079,0.6743876912891427
280,Luuk de Jong,Sevilla,132.0,0.2045454545454545,6.446321346090399,5.72332268370607,5.049284699212458,3.5930077260693287
281,Marc-André ter Stegen,Barcelona,2849.0,0.0284310284310284,6.121394144564142,4.87220447284345,7.227099175820676,3.4200224997203423
282,Javier Ontiveros Parra,Villarreal,56.0,0.0,4.220224348399868,3.568690095846645,3.8987469600073776,2.304526594434705
283,Borja Mayoral Moya,Levante,127.0,0.0,0,0,4.981303332501994,0.49813033325019945
284,Javier Sánchez de Felipe,Real Valladolid,94.0,0.0,0,0,3.829820107768041,0.3829820107768041
285,Joaquín Fernández Moreno,Real Valladolid,139.0,0.1942446043165467,0,3.229119123687814,4.895966344595474,1.5360302132925103
286,Kevin Vázquez Comesaña,Celta Vigo,93.0,0.1935483870967742,0,2.690523508842545,5.571977022287853,1.4417741097202583
287,Robin Aime Robert Le Normand,Real Sociedad,94.0,0.0,0,0,3.635022436824853,0.3635022436824853
288,Ander Barrenetxea Muguruza,Real Sociedad,63.0,0.4285714285714285,0,0,2.952018154887123,0.46663038691728376
289,Bryan Gil Salvatierra,Leganés,11.0,0.0,0,3.113985365350923,2.3154904956848004,1.1657446591737568
290,Bruno Soriano Llido,Villarreal,49.0,0.0,0,0,6.301307409784211,0.6301307409784211
291,Enric Gallego Puigsech,Osasuna,4.0,0.0,4.800725833058397,4.782747603833866,5.158647373455175,2.910834185107357
292,Lisandro Magallán,Deportivo Alavés,91.0,0.0,0,0,6.055358392344913,0.6055358392344914
293,Lei Wu,Espanyol,28.0,0.0,0,4.542804981417487,2.952018154887123,1.6580433099139584
294,Aitor Fernández Abarisketa,Levante,184.0,0.0,0,0,5.208385348685868,0.5208385348685869
295,Emerson Aparecido Leite de Souza Junior,Real Betis,92.0,0.2934782608695652,0,0,5.679322707855831,0.6853235751334091
296,Esteban Rodrigo Burgos,Eibar,91.0,0.0,0,1.591510725696029,5.8420770707039855,1.0616609247792073
297,Domingos Sousa Coutinho Meneses Duarte,Granada,170.0,0.0,0,0,5.925663202793976,0.5925663202793977
298,Enrique González Casín,Eibar,26.0,0.0,2.353621275802218,2.3035143769968056,1.4667869500817037,1.3084572632676557
299,Oier Sanjurjo Mate,Osasuna,52.0,0.5192307692307693,0,1.3201909911175087,4.868595941935876,1.090609199221148
300,Iñigo Pérez Soto,Osasuna,96.0,0.1875,0,1.11727118962601,4.607922710072067,0.8709736278950098
301,Roberto Torres Morales,Osasuna,11.0,1.6363636363636365,0,0,1.5092221273618582,0.8054676672816405
302,Carlos Clerc Martínez,Levante,93.0,0.0,0,0,4.460903702210052,0.44609037022100523
303,David García Zubiría,Osasuna,97.0,0.0,1.7688675354668426,1.9904153354632583,2.576163727548609,1.208514480487207
304,Álvaro Tejero Sacristán,Eibar,86.0,1.255813953488372,0,0,5.464952198550112,1.04882080125036
305,Aleix Febas Pérez,Mallorca,92.0,0.2934782608695652,2.869520332904077,2.2037514170874988,5.118679393018824,1.8642887353567734
306,Luis Jesús Rioja González,Deportivo Alavés,88.0,0.0,0,0,4.372479878580728,0.43724798785807284
307,Yan Brice Eteki,Granada,71.0,0.0,0,0,3.1508572712855627,0.3150857271285563
308,Abdón Prats Bastidas,Mallorca,18.0,0.0,4.151090901266622,3.68370607028754,4.140203118731459,2.3493503132127325
309,Salvador Sevilla López,Mallorca,141.0,0.7021276595744681,0,2.965727563171653,5.845633700629791,1.7551327028442623
310,Javier Muñoz Jiménez,Deportivo Alavés,52.0,0.0,0,1.5702200422985195,4.38349813513768,0.9094158262033238
311,Júnior Wakalibille Lago,Mallorca,47.0,0.0,0,0,4.8870622388621845,0.4887062238862185
312,Manuel Reina Rodríguez,Mallorca,187.0,0.0962566844919786,0,0,2.802451546440676,0.318747828440859
313,Martin Valjent,Mallorca,186.0,0.1451612903225806,0,0,5.9341677805772886,0.6514812941867612
314,Pervis Josué Estupiñán Tenorio,Osasuna,91.0,0.4945054945054945,0,2.9316157977024,3.88538589224593,1.4658255263375108
315,Antonio José Raillo Arenas,Mallorca,187.0,0.1443850267379679,0,0,4.699833715763158,0.527737382271503
316,Iddrisu Baba Mohammed,Mallorca,107.0,0.0,0,0,3.599209012482921,0.3599209012482921
317,Daniel José Rodríguez Vázquez,Mallorca,186.0,0.6774193548387097,0,3.025629322753924,5.342045174113371,1.712861056172998
318,Joan Sastre Vanrell,Mallorca,140.0,0.1928571428571428,0,0,4.1732680653634215,0.4944696636791993
319,José Antonio Rodríguez Díaz,Granada,111.0,0.0,0,2.9147830760502824,2.928254455610237,1.1672603683761085
320,Ramon Olamilekan Azeez,Granada,145.0,0.1862068965517241,4.921222634923001,4.593115531278986,4.672703971915573,2.903932342180543
321,Víctor David Díaz Miguel,Granada,181.0,0.149171270718232,0,0,4.671148458945312,0.526783354181824
322,Germán Sánchez Barahona,Granada,152.0,0.0,2.486905579284332,2.4313099041533546,5.369688629447389,1.7637429500476118
323,Rui Tiago Dantas da Silva,Granada,179.0,0.0,1.5116235679586802,1.9285887407733835,3.6031646311428966,1.2412177989380409
324,Federico San Emeterio Díaz,Real Valladolid,93.0,0.0,0,1.9896033749316016,5.68850177666704,1.1657311901461844
325,José Antonio Martínez Gil,Granada,21.0,0.0,0,0,1.7213980137626326,0.17213980137626328
326,Álvaro Vadillo Cifuentes,Granada,96.0,0.0,0,0,4.737326684745066,0.4737326684745067
327,Ángel Montoro Sánchez,Granada,92.0,0.2934782608695652,0,0,4.25717619365784,0.5431089237136102
328,Sergio Herrera Pirón,Osasuna,96.0,0.0,0,0,1.8830965723503192,0.18830965723503193
329,Aridane Hernández Umpiérrez,Osasuna,92.0,0.0,2.43139640382712,2.357827476038339,5.850667187562316,1.7786942423331573
330,Ander Guevara Lajo,Real Sociedad,184.0,0.5380434782608695,3.736290218467144,3.3003194888178915,5.490081739805156,2.5015794556236597
331,Marc Pedraza Sarto,Mallorca,56.0,0.0,0,0,5.128693130669184,0.5128693130669184
332,Jorge Sáenz de Miera Colmeiro,Celta Vigo,94.0,0.0,0,0,2.943531119431092,0.2943531119431092
333,Enrique Barja Afonso,Osasuna,28.0,2.8928571428571423,7.262096022262706,5.3322683706070295,8.154570889434108,5.024699661720918
334,Francisco Gámez López,Mallorca,139.0,0.3237410071942446,0,1.5915107256960297,5.495237314203632,1.15647335200687
335,Alejandro Pozo Pozo,Mallorca,93.0,0.2903225806451613,0,0,4.066289250205254,0.52275795727859
336,Xavier Quintillà Guasch,Villarreal,92.0,0.0,0,6.126426289365585,4.644446573493038,2.3023725441589793
337,Lucas René Olaza Catrofe,Celta Vigo,89.0,0.0,3.0190928748258408,2.8203967177695546,3.79274243638626,1.8292118339346606
338,Waldo Rubio Martín,Real Valladolid,105.0,0.5142857142857143,0,4.17592497165825,4.322120878723776,1.8907038650841383
339,Ricard Puig Martí,Barcelona,532.0,0.7781954887218046,0,0,6.96485992687413,1.007764188176135
340,Álex Collado Gutiérrez,Barcelona,6.0,0.0,0,0,2.561614523909699,0.2561614523909699
341,Carles Pérez Sayol,Barcelona,132.0,0.3409090909090909,4.053645661497856,3.5734367868553174,3.3099192379917257,2.3501157285189755
342,Rodrygo Silva de Goes,Real Madrid,15.0,0.0,8.703502404973174,6.736385692666169,3.558234973175049,4.11743968611199
343,Carlos Neva Tey,Granada,92.0,0.0,0,0,4.901937866941712,0.49019378669417124
344,Roberto Soldado Rillo,Granada,56.0,0.0,0,4.889631135637525,2.640826854832654,1.7309720261745227
345,Edgar Antonio Méndez Ortega,Deportivo Alavés,94.0,0.0,0,0,3.6246294035444415,0.36246294035444415
346,Guido Rodríguez,Real Betis,85.0,0.0,0,0,5.856508467025981,0.5856508467025981
347,Renan Augusto Lodi dos Santos,Atlético Madrid,97.0,0.5567010309278351,0,0,2.941297689047926,0.5168101812759266
348,Josep Señé Escudero,Mallorca,18.0,0.0,3.3744428143229186,2.781524029637686,4.603132325424057,1.9696590042982953
349,Oihan Sancet Tirapu,Athletic Bilbao,77.0,0.8181818181818183,0,0,4.541215544028923,0.7813942816756196
350,Jon Moncayola Tollar,Osasuna,84.0,0.3214285714285714,0,0,4.653668763821332,0.5939383049535618
351,Gabriel Matías Fernández Leites,Celta Vigo,11.0,0.0,0,0,1.5940924819221678,0.1594092481922168
352,Alberto Rodríguez Baró,Deportivo Alavés,49.0,0.0,0,0,2.1669673752042584,0.21669673752042584
353,Víctor Campuzano Bonilla,Espanyol,21.0,0.0,1.64582645991422,2.095390232770425,5.158647373455175,1.473647099159489
354,Matías Ezequiel Vargas Martín,Espanyol,32.0,1.96875,0,0,9.04570961231736,1.6920709612317362
355,Mohamed Salisu Abdul Karim,Real Valladolid,59.0,0.0,0,0,3.802843459354228,0.3802843459354228
356,Anssumane Fati,Barcelona,933.0,0.4919614147909967,0,0,4.69002883561473,0.6657874494778717
357,Takefusa Kubo,Mallorca,185.0,0.1945945945945946,8.79167354008578,10.0,3.928096716831495,5.228982217538144
358,Pol Lozano Vizuete,Espanyol,51.0,0.0,0,0,3.978949445066871,0.3978949445066871
359,Alejandro Remiro Gargallo,Real Sociedad,186.0,0.0,6.055706255085447,5.259083858109982,4.531789213075792,3.2420453297576635
360,Ronald Federico Araújo da Silva,Barcelona,253.0,0.0,4.813277216510475,4.007408686641913,5.014204558482342,2.666298505142903
361,Víctor Gómez Perea,Espanyol,156.0,0.3461538461538461,0,0,4.796755566508767,0.6181370951124152
362,Asier Villalibre Molina,Athletic Bilbao,26.0,0.0,0,0,1.5940924819221678,0.1594092481922168
363,Fernando Niño Rodriguez,Villarreal,23.0,0.0,0,4.959337786813825,5.3950719325874665,2.027308529302894
364,Enrique Pérez Muñoz,Real Valladolid,92.0,0.2934782608695652,0,0,5.279299306070529,0.645321234954879
365,Jacobo González Rodrigañez,Celta Vigo,80.0,0.0,0,1.979110346522487,4.6532278788625785,1.059055891843004
366,Abdallahi Mohamed Mahmoud,Deportivo Alavés,27.0,0.0,0,0,4.140203118731459,0.4140203118731459
367,0.0,0.0,0.0,0.0,0.0,5.523961661341852,0.0,1.6571884984025556
368,0.0,0.0,0.0,0.0,3.7432035631804688,2.813418530351438,0.0,1.5926662717415252
369,0.0,0.0,0.0,0.0,0.0,2.170039048633298,0.0,0.6510117145899893
